actor_ID,name
1,Daniel Raymond
2,Jerry Young
3,Emily Herrera
4,Brittney Payne
5,Laura Jenkins
6,Jennifer Schultz
7,Kimberly Taylor
8,Sonia Henson
9,Jason Carpenter
10,James Washington
11,Lynn Nguyen
12,Olivia Brown
13,Aaron Rogers
14,Michael Rogers
15,Diane Williams
16,Connie Ramos
17,Misty Olson
18,Anthony Mitchell
19,Stephanie Johnson
20,Ryan Taylor
21,James Marquez
22,Melissa Mcclure
23,Amanda Morris
24,Paula Ochoa
25,Alexander Clay
26,Robert Reed
27,Carol Rogers
28,Kevin Wallace
29,Chelsea Gregory
30,Lisa Ewing
31,Edward Anthony
32,Jonathan Duarte
33,Kenneth Jones
34,Timothy Lyons
35,Debra Wilkins
36,Jeremy Torres
37,Anne Everett
38,Christine Wilson
39,Eric Kennedy
40,Jerry Keith
41,Emily Bray
42,Wendy Romero
43,Megan Sandoval
44,Kristi Stevenson
45,Mary Wilcox
46,Dr. Stacey Pierce
47,Terri Pearson
48,Tracy Young
49,Anthony Henderson
50,Adam Randall
