director_ID,name
1,Colleen Smith
2,Wanda Schwartz
3,Erika Ballard
4,Ruben Rodriguez
5,Scott Johnson
6,Jessica Carney
7,Sandra Andrews
8,Christopher Tucker
9,Patrick Jensen
10,Jamie Hess
11,Cory Williams
12,Robert Walsh
13,Jonathan Thomas
14,Benjamin Alvarez
15,Courtney Jackson
16,Andrew Watkins
17,Joel Middleton
18,Kim Nelson
19,Andrew Flores
20,Douglas Williamson
21,James Martinez
22,Trevor Gonzalez
23,Larry Bradley
24,Julie Cole
25,Jill Duffy
26,Dustin Weaver
27,Beth Harvey
28,Alexander Walker
29,Becky Colon
30,Gary Carr
