hashtag_ID,name
1,shake
2,future
3,production
4,outside
5,government
6,some
7,director
8,particularly
9,commercial
10,threat
11,between
12,beyond
13,director
14,product
15,brother
16,democratic
17,dog
18,ago
19,child
20,movement
21,keep
22,thousand
23,coach
24,spend
25,it
26,ready
27,specific
28,fish
29,add
30,item
31,whom
32,activity
33,that
34,hour
35,security
36,behind
37,open
38,all
39,very
40,activity
41,player
42,visit
43,get
44,situation
45,still
46,kitchen
47,want
48,large
49,figure
50,since
