user_ID,username,password,role,birth_year
1,ldiaz,R1ABP+Ty%s,admin,1996
2,brooksbrittany,L8z9J8Cg#(,admin,1964
3,hatfieldsandra,36gXv!r@)E,user,1998
4,nicole97,&8+@lIZt1T,admin,1987
5,wendy88,Y)S2Ws7yA&,user,2001
6,gutierrezjoshua,jt@1NyxKZS,admin,1969
7,daniel20,_lirEuHkM2,admin,1952
8,stevenrobbins,2S3+O&#pj_,user,1964
9,elizabethcarroll,WrM5!Kzi)(,user,1966
10,jamesrosario,@4lLfQMe(h,admin,1978
11,johnsonlauren,##Q4#Idt$m,admin,1969
12,farrellronald,@i0Lv#9HN(,user,2000
13,heatherdrake,PD6Dv#sm!0,user,1972
14,tbryant,H_8KOf9bGi,user,1980
15,richardgolden,PA6oIiuqi%,user,2001
16,luceroherbert,&3I7WYt%1Z,admin,1995
17,davidharris,+V91YiF1aO,admin,1951
18,jameswilliams,@0Y3#XIc$^,admin,1974
19,williamalexander,e04@3nYz$1,user,1964
20,sparker,4VTh(T1w*M,admin,1971
21,carlaadkins,(4NeuLmuSR,user,1958
22,andrewcrosby,%4EmCuRw0C,user,1993
23,kathleen39,62xo!K8Q$c,user,1979
24,hernandezjennifer,(p2LK_mnFv,user,1958
25,april32,_0J&MVPpl3,admin,1972
26,juliapreston,!#FGUTaX0R,user,1979
27,elizabeth46,$4Ifn0Lejd,user,1950
28,spencerandrew,!3c8MvTgws,admin,1985
29,briandaniels,#%1aIvzr1X,admin,1970
30,tylerjose,9KRI1J%yF@,user,1963
31,nrubio,@QeSe*4%#0,user,2005
32,sharonsawyer,B*4KJEldx+,user,1983
33,edward41,*v#58AoeX$,admin,1996
34,aprilromero,^GRMp%Sbc1,admin,1960
35,dylan38,v5JOGYzU^U,admin,1999
36,james15,ezNV2APi)5,admin,1970
37,carlosnguyen,^o0YPxKhPe,admin,1952
38,lindsayreyes,yj14B%Nt)@,user,1978
39,mgreen,x17GF$kt_6,admin,2001
40,douglashamilton,D1bPwHaz($,admin,1983
41,josephwalker,W#9xKP)b)f,user,1987
42,elizabethbowen,zDC0xKUu+@,user,1991
43,tjohnson,)5NPd3exv6,admin,1975
44,josephnichole,8*^7rCxOZ+,user,1987
45,vbright,76Um2lyE%8,user,1969
46,ptaylor,X8I9dRSuQ*,user,1971
47,kristinlewis,i6^NwefT^f,admin,1982
48,mcdonaldchristina,Z$1f$Ea1r2,admin,1985
49,peggy54,@8*J*BjdW^,user,1955
50,aguilarandrew,*4OS2BjduI,user,1959
51,ovillanueva,@v2DXnRfAq,user,1951
52,williamschristopher,SA@#2Gh5(g,admin,1978
53,longsarah,*3zHrsOol5,user,1969
54,wmorrison,%0*&zNAy*4,admin,1951
55,ielliott,KE2)lRmvl@,admin,2004
56,jimenezkelly,+lY1UjAzJd,user,1950
57,jeremylopez,Vb12GV+$@&,admin,2002
58,amiller,*1ZG4oltor,user,1981
59,michaelharvey,$VTeFL$yU7,user,1990
60,flewis,WT%8aMdk8C,user,1972
61,megan28,v305$HEr&i,admin,1983
62,brooke27,yPw1+M*oh!,admin,1977
63,george72,rhIw53Zqw_,user,1968
64,deborah84,%2KIqCvlek,user,2003
65,john50,%4VtBVsk94,admin,1968
66,ewilliams,@DC#33VnAt,user,1994
67,hmendoza,Tx7f$MuIk$,admin,1988
68,jake50,9)@wWP&j%#,admin,1951
69,tyleredwards,&TgUeOWlr6,user,1985
70,colleenjones,xq96XA5o^%,admin,1970
71,dfields,Od4RU$uld!,user,1981
72,nfry,&ce6GDzD#0,user,1977
73,daniel20,k8!u6ULp#V,user,1992
74,fjohnson,P4QUNjI0$g,user,1963
75,blee,)5K_g011$b,user,1991
76,johnsonjames,)vRVhu(1d5,admin,1983
77,john15,SQRrN+$q&0,admin,1993
78,vicki02,+lT7gpnI4O,admin,1966
79,jennifer69,(!HklSZh6J,user,1995
80,kenneth59,@7WUU7MwEZ,user,1995
81,nancywhite,$l2VqJBbSW,user,1976
82,valerie57,8I0Qkg_Kz@,admin,1951
83,dconrad,_T3BcOIPze,admin,1995
84,gregory89,gv_St4Tr@8,admin,1983
85,washingtonrobert,OJiTFEsW$5,user,1998
86,tthompson,V8OIm$sM$z,admin,1965
87,sgreen,fj*4Vew3K),user,1971
88,garzadaniel,kc*4#WweI3,admin,1961
89,pricealexander,T%5XtMlFAF,admin,1961
90,samantha64,*fj0VEe*j^,user,1960
91,garzacorey,q%4HVQqFPu,admin,1950
92,fcampbell,9M5WZPg*_t,user,1994
93,jeremy79,xz1!PUn*@9,admin,1987
94,susan72,fN*4Xsdim_,user,1957
95,mendozajason,)B3X_PeNN4,user,1956
96,pamela27,96KLivb6@6,user,1979
97,joseph15,w$EfJnbw*8,admin,2005
98,ashleywhite,m1FgK+KR%p,admin,1970
99,anne52,i6Hj_SHW$a,user,2002
100,smiller,z(AN)PO7Ik,user,1985
